order_id,emp_id,amount,order_date
1,24,8200,2022-12-23
2,105,5960,2022-11-25
3,172,2213,2024-05-28
4,42,5903,2023-02-26
5,178,8617,2022-10-23
6,170,7061,2024-04-13
7,195,9512,2022-02-07
8,117,1942,2022-11-19
9,65,5796,2022-04-29
10,198,7122,2024-06-04
11,132,518,2023-11-05
12,139,8069,2023-02-28
13,14,3573,2023-06-15
14,93,8667,2023-10-03
15,114,1345,2022-07-28
16,69,9498,2022-05-15
17,74,7678,2024-06-20
18,179,8441,2022-05-05
19,8,4420,2023-12-28
20,41,5591,2023-07-19
21,4,9548,2023-02-22
22,24,4181,2024-05-11
23,30,8060,2024-08-27
24,31,3022,2023-05-26
25,184,5281,2023-06-06
26,181,4979,2023-03-02
27,124,8236,2022-09-07
28,117,9531,2022-05-29
29,99,3622,2024-08-01
30,154,8827,2024-02-04
31,35,1643,2022-10-10
32,198,7298,2022-12-15
33,130,4877,2024-04-20
34,1,5134,2024-01-14
35,77,8522,2024-06-05
36,39,7816,2023-07-06
37,124,6154,2022-12-07
38,142,9403,2023-01-22
39,117,5772,2024-06-09
40,49,4412,2023-08-09
41,99,4326,2024-05-26
42,199,7230,2022-02-14
43,82,8249,2023-12-24
44,98,6825,2023-11-11
45,167,2992,2023-05-23
46,10,2568,2023-05-30
47,152,5939,2024-06-09
48,26,7713,2022-04-13
49,135,7986,2022-01-16
50,185,2861,2023-02-24
51,168,3029,2022-03-18
52,121,4842,2022-12-13
53,160,7012,2023-10-28
54,21,5883,2024-05-22
55,173,9242,2023-01-25
56,82,8494,2024-06-12
57,139,1088,2023-09-25
58,18,4346,2023-10-09
59,176,5208,2022-08-21
60,192,1980,2023-03-21
61,26,2146,2023-03-31
62,43,5406,2024-07-14
63,8,1253,2022-11-29
64,15,5306,2023-01-03
65,96,7556,2022-05-30
66,63,9202,2023-02-26
67,145,3450,2022-06-24
68,45,1793,2023-09-17
69,98,4445,2023-05-25
70,150,2844,2022-08-26
71,119,4661,2023-04-16
72,66,653,2024-07-09
73,120,5212,2023-11-25
74,140,3088,2022-03-17
75,114,6161,2023-08-25
76,77,7451,2023-12-08
77,65,7984,2024-05-15
78,78,3763,2023-01-29
79,124,2247,2022-08-31
80,98,9870,2023-01-03
81,148,5347,2023-12-18
82,76,859,2024-04-29
83,169,6984,2022-10-09
84,3,9772,2024-06-04
85,176,1303,2024-07-21
86,156,8638,2024-05-02
87,74,4270,2023-09-14
88,91,4088,2023-10-14
89,49,4606,2023-11-26
90,194,2740,2023-10-06
91,25,1145,2022-11-13
92,113,1046,2023-08-17
93,94,2653,2022-04-03
94,76,5852,2024-02-05
95,107,3377,2022-07-25
96,34,9337,2024-06-16
97,94,9197,2023-05-29
98,70,3195,2022-09-21
99,124,5335,2024-02-04
100,87,2386,2023-04-25
101,20,2806,2024-02-12
102,58,7011,2024-09-17
103,143,6492,2022-04-03
104,102,728,2022-09-28
105,138,2524,2023-04-11
106,95,4795,2023-08-22
107,98,6586,2022-04-21
108,173,4330,2023-04-28
109,7,9698,2022-12-02
110,157,4126,2023-10-26
111,17,8106,2024-07-20
112,180,5451,2023-10-27
113,105,2411,2022-05-24
114,12,1109,2022-11-08
115,127,2402,2022-04-10
116,61,9307,2022-05-19
117,100,7932,2023-01-15
118,172,9350,2023-03-06
119,151,3031,2024-06-25
120,107,2122,2024-05-03
121,126,7186,2024-08-19
122,72,1036,2023-12-08
123,95,4059,2023-03-31
124,114,4368,2024-05-25
125,93,2127,2023-12-04
126,95,9420,2024-07-12
127,166,6376,2022-03-04
128,102,5020,2022-07-14
129,32,7950,2022-04-04
130,170,3975,2023-10-20
131,164,849,2022-02-21
132,86,4490,2022-05-09
133,145,3862,2022-03-12
134,196,9580,2022-08-01
135,151,4038,2024-04-12
136,60,5883,2024-03-03
137,38,546,2022-10-11
138,38,2629,2023-07-08
139,65,3358,2022-04-23
140,170,922,2022-05-15
141,4,6369,2024-03-19
142,61,5804,2022-01-17
143,45,4847,2022-02-23
144,33,7397,2023-06-23
145,30,1541,2023-05-03
146,115,6431,2023-06-10
147,152,2286,2023-04-08
148,129,4129,2024-08-26
149,158,1210,2024-01-15
150,169,9043,2022-11-05
151,118,1010,2022-03-04
152,123,7080,2023-03-13
153,176,2268,2023-05-18
154,183,7767,2022-03-17
155,21,5777,2023-09-15
156,38,1576,2022-05-10
157,71,9484,2023-12-31
158,84,6740,2023-09-04
159,136,5331,2023-04-10
160,130,7548,2022-04-12
161,180,2374,2024-05-23
162,168,9533,2024-01-09
163,56,7546,2023-04-08
164,59,7279,2022-12-14
165,117,7032,2023-03-02
166,187,2057,2022-11-17
167,110,5620,2023-11-13
168,66,6632,2024-09-03
169,40,8270,2022-03-10
170,24,1898,2022-04-06
171,111,2082,2024-02-02
172,190,6605,2024-04-11
173,34,9615,2022-03-03
174,151,9701,2023-07-30
175,85,2502,2023-02-25
176,91,7429,2024-06-07
177,185,1342,2024-09-18
178,74,5619,2022-12-27
179,27,9968,2023-06-04
180,55,3035,2023-11-04
181,124,4174,2024-05-17
182,28,6236,2024-05-15
183,143,6522,2022-04-28
184,196,5064,2023-08-11
185,58,7530,2024-05-15
186,144,9621,2022-01-27
187,156,4881,2022-01-30
188,47,4977,2023-12-21
189,196,5562,2024-08-01
190,87,6251,2022-01-07
191,47,2847,2023-08-03
192,169,7066,2022-03-13
193,37,1002,2022-04-04
194,192,9191,2022-08-09
195,97,7378,2023-04-10
196,88,3078,2023-01-14
197,80,5814,2024-03-06
198,146,1891,2024-06-23
199,14,3049,2022-06-11
200,194,1315,2023-11-22
201,21,4958,2023-03-30
202,170,7447,2023-05-13
203,156,7742,2023-03-01
204,70,4031,2024-02-13
205,132,2364,2022-12-20
206,111,2316,2022-10-18
207,174,8472,2023-06-24
208,171,5553,2022-02-16
209,57,6975,2023-09-06
210,15,625,2022-07-29
211,78,3960,2024-02-25
212,36,4686,2022-10-24
213,84,2465,2022-01-08
214,128,7555,2022-06-29
215,34,6729,2023-06-30
216,181,4270,2023-05-28
217,144,6302,2022-03-15
218,102,1193,2023-03-23
219,5,8032,2024-08-01
220,20,5629,2023-08-13
221,110,9894,2023-02-19
222,182,7343,2022-10-24
223,30,7136,2022-01-22
224,84,3315,2024-03-31
225,159,8038,2024-05-01
226,177,6428,2022-04-01
227,112,2234,2022-09-07
228,112,7060,2023-06-21
229,21,6984,2024-06-10
230,80,6062,2022-08-15
231,86,3254,2022-03-20
232,131,2368,2023-06-28
233,131,3676,2024-07-16
234,199,6224,2022-12-26
235,187,2919,2022-08-30
236,27,2899,2022-09-20
237,51,3342,2023-09-09
238,40,1734,2022-07-01
239,198,8595,2023-04-21
240,194,9736,2024-02-18
241,149,7854,2023-11-29
242,145,5795,2024-06-03
243,161,5679,2022-06-04
244,113,1618,2023-04-26
245,114,5461,2024-03-26
246,71,1420,2022-12-27
247,130,1715,2022-11-14
248,119,7904,2022-02-08
249,15,6541,2024-05-01
250,74,1757,2023-10-23
251,24,8807,2023-01-29
252,119,9581,2024-09-04
253,190,1172,2023-04-06
254,147,3584,2022-11-26
255,155,8292,2023-05-29
256,39,1513,2023-04-07
257,27,6126,2024-01-02
258,22,8766,2023-10-24
259,45,1141,2022-09-11
260,182,7672,2023-03-26
261,135,9064,2023-09-17
262,41,6462,2023-01-17
263,73,6847,2023-02-23
264,199,6043,2023-11-27
265,154,1357,2024-03-19
266,162,5982,2022-03-09
267,85,2048,2023-07-26
268,174,6833,2022-10-18
269,65,2963,2022-12-08
270,21,2817,2024-07-27
271,90,5582,2024-09-17
272,168,6921,2022-05-13
273,153,1888,2022-11-14
274,144,6671,2023-10-21
275,85,2593,2023-11-18
276,180,9124,2022-04-06
277,166,7437,2023-06-05
278,93,798,2023-01-07
279,80,3453,2024-08-31
280,55,6098,2024-08-28
281,197,8467,2022-07-16
282,58,2753,2022-06-08
283,20,5346,2024-05-14
284,26,8817,2024-02-29
285,139,9126,2022-02-08
286,170,6017,2024-06-16
287,197,2647,2023-09-04
288,97,3027,2022-06-16
289,47,3212,2024-01-09
290,113,1215,2023-02-25
291,94,4391,2024-09-19
292,114,5168,2024-02-10
293,192,7855,2022-08-28
294,137,4418,2022-11-13
295,121,3678,2023-01-12
296,174,9845,2023-03-28
297,119,5116,2024-03-07
298,98,8739,2023-06-25
299,108,3155,2024-04-16
300,52,2767,2024-06-12
301,65,1354,2023-10-19
302,124,6581,2023-07-22
303,27,8952,2024-05-21
304,32,5170,2022-03-27
305,196,3126,2022-10-07
306,116,8910,2022-05-31
307,112,2002,2024-08-27
308,57,7891,2024-06-24
309,90,936,2023-03-01
310,14,6995,2023-05-30
311,96,4362,2023-01-31
312,21,6642,2022-08-18
313,8,5721,2024-08-11
314,26,5993,2024-03-21
315,38,2754,2022-02-09
316,74,8240,2023-12-14
317,36,8185,2023-04-05
318,158,586,2024-07-16
319,21,811,2022-09-20
320,56,2949,2023-07-16
321,187,9147,2023-03-10
322,29,5220,2022-09-01
323,78,2496,2022-02-18
324,62,7378,2023-10-17
325,160,7989,2022-03-06
326,29,8689,2023-09-04
327,138,769,2023-10-10
328,132,9921,2022-09-05
329,184,2852,2022-10-26
330,110,525,2023-09-22
331,91,4441,2023-08-08
332,107,3568,2023-11-12
333,172,1902,2023-06-21
334,93,1608,2024-09-03
335,135,9414,2023-06-04
336,130,9579,2022-01-21
337,100,8202,2022-02-14
338,163,6838,2023-01-18
339,65,766,2023-01-01
340,18,6149,2022-09-04
341,188,2198,2024-03-01
342,149,5947,2022-05-17
343,12,6272,2023-07-14
344,87,3368,2024-04-30
345,200,8112,2023-12-14
346,123,3486,2024-04-10
347,35,1533,2024-01-04
348,199,7998,2022-02-07
349,76,3802,2022-02-14
350,52,1186,2022-11-20
351,80,8944,2023-02-12
352,140,8256,2022-09-17
353,10,3631,2022-10-20
354,92,1283,2024-06-05
355,168,5938,2022-10-07
356,32,6529,2023-03-24
357,103,7704,2024-07-05
358,99,6054,2024-09-24
359,48,8629,2023-12-10
360,128,6518,2024-08-04
361,133,4869,2024-03-31
362,22,7455,2022-03-22
363,111,3456,2023-07-13
364,76,5762,2022-04-16
365,21,5872,2023-11-08
366,76,5521,2023-04-02
367,155,7481,2022-06-20
368,177,7772,2022-12-26
369,115,1193,2024-01-15
370,91,7626,2022-10-09
371,164,1439,2022-03-18
372,172,7155,2023-01-08
373,132,3121,2024-09-02
374,8,2839,2024-05-19
375,156,7679,2022-02-05
376,33,1601,2022-08-30
377,200,6501,2023-01-06
378,99,9793,2022-02-03
379,155,3013,2023-11-27
380,116,6577,2023-01-16
381,114,1759,2023-08-11
382,36,9174,2023-01-11
383,102,5650,2023-10-28
384,72,4589,2024-09-10
385,30,924,2024-01-24
386,48,8676,2023-06-15
387,100,9702,2022-05-01
388,68,4764,2023-12-22
389,115,4015,2023-09-19
390,74,8547,2022-07-24
391,32,2723,2024-05-23
392,19,7906,2022-06-26
393,183,7792,2022-03-31
394,175,5736,2023-11-15
395,89,1563,2023-07-18
396,139,5257,2024-07-01
397,77,3080,2023-12-30
398,182,3352,2024-03-23
399,93,8835,2022-08-18
400,32,3792,2024-03-22
401,36,4378,2024-03-20
402,127,930,2023-01-05
403,142,9876,2023-01-13
404,120,9538,2022-05-13
405,157,1912,2022-03-09
406,80,7023,2024-01-05
407,185,8342,2023-06-23
408,106,7208,2024-04-23
409,148,1708,2022-05-09
410,82,1715,2023-04-06
411,120,8976,2022-12-19
412,33,9532,2023-10-18
413,151,3481,2024-02-26
414,34,7588,2023-05-30
415,15,2534,2023-06-15
416,40,5482,2022-06-18
417,42,5786,2024-08-15
418,182,4194,2022-12-21
419,133,5153,2024-05-16
420,21,4605,2022-07-21
421,163,9524,2022-10-09
422,33,5461,2023-09-22
423,137,2030,2023-05-30
424,165,3262,2023-08-30
425,149,3026,2022-06-25
426,169,6031,2024-05-12
427,145,1174,2024-04-25
428,8,1830,2022-02-16
429,165,9949,2022-09-29
430,167,3953,2024-02-25
431,147,7325,2023-09-25
432,164,996,2023-05-25
433,161,9438,2022-10-24
434,165,5449,2023-05-10
435,63,7153,2022-11-01
436,117,1695,2023-12-07
437,16,3089,2023-03-27
438,107,8433,2023-04-21
439,53,6073,2023-09-14
440,37,5621,2024-06-01
441,184,5731,2024-01-22
442,89,7032,2022-05-14
443,195,6570,2023-06-12
444,144,2239,2022-11-23
445,62,8142,2022-05-06
446,69,7866,2022-09-11
447,37,2086,2022-02-21
448,75,6793,2024-06-03
449,158,7350,2022-09-12
450,41,5864,2024-08-14
451,148,5623,2022-07-14
452,196,3110,2023-05-26
453,132,8148,2023-05-26
454,79,8648,2022-01-24
455,24,6942,2023-06-02
456,118,4444,2022-08-09
457,150,6281,2022-02-19
458,13,5109,2023-05-22
459,153,8210,2022-10-20
460,138,633,2024-05-17
461,28,7560,2022-05-18
462,68,6492,2024-02-22
463,104,6495,2022-02-16
464,103,1338,2023-08-07
465,144,3689,2023-01-07
466,142,5228,2022-03-17
467,99,8761,2023-04-07
468,196,9508,2022-10-14
469,160,2446,2022-05-12
470,25,6953,2023-01-18
471,87,9639,2024-08-19
472,94,2863,2022-07-23
473,155,8841,2023-02-16
474,129,1159,2022-02-16
475,10,2745,2024-01-01
476,86,8261,2023-06-16
477,117,2940,2023-09-13
478,132,2790,2022-12-02
479,157,5718,2022-06-16
480,101,5402,2023-08-31
481,87,8811,2024-04-28
482,131,9221,2023-05-17
483,182,9722,2022-11-03
484,122,772,2023-01-13
485,85,2295,2023-03-03
486,150,5540,2024-03-26
487,186,936,2023-09-04
488,122,4850,2024-09-17
489,168,9977,2023-08-15
490,59,1341,2023-08-21
491,123,3293,2023-06-21
492,162,6729,2022-06-01
493,175,4468,2022-02-02
494,147,2300,2022-07-15
495,5,7725,2022-11-18
496,108,2981,2023-02-27
497,177,3840,2023-02-25
498,129,8226,2024-06-12
499,189,1520,2023-12-24
500,36,8998,2022-08-01
501,144,5825,2023-11-10
502,123,9109,2023-01-21
503,81,3337,2023-04-16
504,137,6108,2023-07-14
505,91,4831,2023-09-17
506,124,3650,2024-09-07
507,64,5071,2023-07-26
508,77,4184,2024-08-22
509,77,5235,2023-12-23
510,54,8511,2022-11-21
511,123,6214,2023-07-28
512,185,4980,2022-10-22
513,32,9895,2023-11-24
514,140,6720,2024-07-06
515,102,6154,2024-09-04
516,198,2899,2022-10-25
517,11,5212,2024-09-05
518,183,1794,2022-12-21
519,114,4701,2024-02-05
520,123,4005,2022-07-26
521,138,4942,2024-08-13
522,144,4950,2022-05-21
523,28,4420,2022-09-06
524,13,9200,2022-08-20
525,164,4314,2022-02-23
526,26,7271,2022-12-05
527,184,8239,2022-04-13
528,175,2752,2022-01-06
529,141,3087,2023-02-21
530,168,8293,2023-05-04
531,167,3767,2024-02-14
532,74,5762,2022-10-20
533,166,1469,2024-07-18
534,197,1965,2023-10-30
535,147,4304,2023-07-02
536,190,1111,2024-07-24
537,45,7346,2024-06-22
538,46,1095,2024-05-06
539,102,8616,2022-07-10
540,192,5242,2024-06-16
541,10,651,2022-11-02
542,146,2258,2024-08-08
543,86,5162,2023-04-11
544,165,9401,2023-06-21
545,127,2698,2024-05-21
546,130,8168,2022-10-07
547,50,2345,2022-12-05
548,42,8018,2023-10-26
549,66,3550,2022-01-15
550,189,6023,2024-03-20
551,76,9802,2023-11-22
552,194,3664,2022-06-29
553,157,7143,2024-04-26
554,110,8942,2022-12-02
555,23,7067,2023-11-17
556,25,3527,2022-05-24
557,123,5801,2024-08-16
558,64,611,2022-09-25
559,99,4358,2023-04-03
560,193,4874,2024-09-03
561,85,5447,2023-08-20
562,186,9886,2022-01-12
563,67,6390,2023-12-11
564,61,1517,2023-11-15
565,31,8125,2022-11-11
566,41,7142,2023-12-04
567,129,5595,2023-12-08
568,31,5333,2023-01-12
569,158,4118,2022-08-13
570,35,8334,2022-06-06
571,117,6621,2023-03-02
572,180,9498,2024-07-23
573,121,9306,2024-04-01
574,171,4078,2024-02-20
575,64,1841,2023-06-23
576,115,9153,2023-12-22
577,93,1779,2024-07-28
578,145,2338,2022-03-05
579,141,8781,2022-07-27
580,147,9292,2022-06-03
581,43,5875,2024-05-24
582,134,7739,2022-04-30
583,175,3865,2024-01-05
584,150,8508,2022-04-04
585,131,7798,2024-04-08
586,15,7929,2022-05-16
587,132,7306,2023-04-13
588,145,1445,2023-07-27
589,119,5549,2024-01-11
590,6,6987,2022-09-18
591,1,4070,2023-08-16
592,19,1242,2023-03-10
593,89,1544,2023-07-09
594,16,1630,2024-08-14
595,121,1019,2022-10-21
596,105,3448,2024-02-27
597,35,7387,2023-01-19
598,98,7848,2024-06-09
599,97,6654,2022-03-24
600,175,9335,2022-05-17
601,168,6197,2022-05-02
602,46,9302,2023-02-07
603,136,2586,2024-01-16
604,58,556,2024-02-14
605,6,5388,2023-04-20
606,173,9420,2023-03-11
607,137,6714,2024-04-23
608,59,4555,2023-04-17
609,89,3041,2022-10-10
610,49,2348,2022-02-02
611,170,7368,2023-09-22
612,197,756,2022-09-04
613,53,1602,2022-04-14
614,153,1050,2023-04-03
615,154,1297,2022-09-08
616,190,1224,2023-02-16
617,113,4339,2023-07-07
618,56,1424,2022-05-24
619,129,5239,2022-08-28
620,188,9938,2022-11-23
621,148,5753,2022-08-31
622,78,2847,2023-11-08
623,134,4121,2023-02-28
624,77,5008,2022-03-04
625,143,3369,2023-10-04
626,174,7499,2023-07-24
627,127,1268,2024-09-22
628,89,6744,2024-03-15
629,135,5722,2023-12-15
630,107,7188,2022-06-02
631,77,6667,2022-07-08
632,194,9313,2023-04-30
633,62,4192,2022-11-04
634,182,2865,2024-04-05
635,119,1444,2023-07-30
636,106,7324,2023-07-25
637,136,2696,2023-02-02
638,63,4677,2022-07-28
639,85,1795,2024-08-02
640,116,6579,2022-04-05
641,138,3620,2022-02-22
642,69,6679,2023-11-21
643,155,1147,2024-06-13
644,19,3582,2024-04-03
645,195,9656,2022-08-11
646,123,3922,2024-06-09
647,86,5467,2024-09-06
648,4,3970,2024-08-17
649,49,2422,2024-02-04
650,194,8346,2024-07-25
651,63,3850,2023-02-11
652,62,9545,2022-11-26
653,199,5137,2023-01-25
654,120,9243,2023-10-27
655,92,5553,2022-09-25
656,93,8901,2024-06-22
657,128,8135,2022-04-11
658,185,8192,2024-02-19
659,82,3828,2023-01-15
660,81,7281,2022-02-16
661,145,4125,2024-01-30
662,38,765,2022-09-25
663,142,9988,2024-01-08
664,107,5336,2022-06-06
665,51,5904,2022-08-24
666,98,9835,2024-05-03
667,63,8680,2023-07-18
668,168,6030,2022-09-21
669,196,8505,2024-09-16
670,186,8537,2023-04-17
671,44,6270,2022-06-23
672,36,9454,2023-05-16
673,48,9382,2023-10-20
674,16,9084,2022-02-04
675,20,1294,2024-02-22
676,2,7256,2022-05-21
677,162,4291,2022-03-11
678,182,2974,2022-01-10
679,56,8785,2023-04-12
680,96,1490,2023-09-25
681,164,8416,2023-11-07
682,125,757,2022-01-07
683,137,9538,2023-02-26
684,4,774,2023-06-27
685,185,5001,2023-07-03
686,74,780,2023-05-30
687,179,7554,2024-04-05
688,46,2253,2024-07-29
689,25,9091,2022-06-02
690,62,3644,2023-09-27
691,135,4635,2024-04-14
692,91,4879,2024-03-25
693,102,1794,2023-01-18
694,104,8020,2023-08-02
695,63,4200,2022-11-04
696,176,1820,2023-11-01
697,167,1019,2022-04-06
698,104,6713,2023-01-22
699,142,8298,2022-02-27
700,164,654,2023-12-21
701,44,1854,2023-05-27
702,112,5927,2023-08-03
703,25,9153,2024-07-30
704,11,4264,2022-08-05
705,178,9786,2023-05-02
706,70,1262,2024-08-04
707,20,5093,2024-07-09
708,140,9732,2023-11-05
709,9,3438,2024-08-09
710,81,756,2024-09-11
711,54,2862,2024-02-10
712,183,7025,2024-08-09
713,20,5403,2022-06-16
714,145,4439,2023-08-04
715,100,9356,2022-12-06
716,99,2792,2024-03-20
717,177,1784,2023-05-28
718,191,6166,2022-02-24
719,26,7661,2022-08-26
720,20,6080,2023-09-12
721,197,6999,2024-09-19
722,199,5847,2022-01-31
723,163,4978,2024-03-13
724,116,8538,2022-08-22
725,92,9560,2024-08-21
726,97,7575,2022-07-10
727,175,6727,2022-03-29
728,198,5339,2024-03-28
729,64,1704,2022-03-26
730,69,3026,2023-01-25
731,183,3027,2024-01-28
732,100,5688,2023-01-05
733,28,1999,2022-01-06
734,79,7786,2023-01-04
735,195,4919,2022-04-15
736,34,1930,2022-07-11
737,111,7853,2023-07-25
738,143,8895,2023-02-22
739,27,930,2022-04-02
740,91,9580,2022-04-06
741,153,5815,2024-06-03
742,99,702,2022-10-26
743,106,6853,2024-03-08
744,22,9667,2024-07-15
745,63,9870,2023-06-18
746,44,6737,2022-06-23
747,36,4905,2022-11-05
748,69,8579,2022-05-30
749,17,3239,2023-03-22
750,71,7399,2022-11-03
751,124,1760,2023-01-05
752,65,4540,2024-01-09
753,161,8623,2023-09-01
754,158,3703,2023-04-14
755,28,2719,2022-11-08
756,2,6983,2022-12-07
757,159,6724,2024-04-03
758,85,7712,2022-12-09
759,111,2730,2022-11-04
760,83,3790,2023-05-06
761,81,3410,2024-09-14
762,102,5728,2022-10-26
763,189,8544,2024-09-17
764,148,4471,2022-11-30
765,97,5092,2024-04-16
766,101,6480,2022-04-27
767,145,3773,2023-08-30
768,140,3447,2023-11-30
769,197,9512,2022-01-28
770,187,8063,2024-08-23
771,182,3934,2023-03-25
772,75,1633,2024-04-18
773,105,8680,2022-05-23
774,163,5461,2022-09-05
775,65,3025,2024-01-03
776,109,6676,2022-03-17
777,115,8351,2023-08-20
778,103,9255,2023-06-03
779,178,7353,2023-07-11
780,10,6390,2023-12-20
781,138,1892,2022-04-22
782,197,4567,2023-11-05
783,171,6316,2022-06-20
784,166,1225,2023-07-31
785,166,7047,2024-09-17
786,193,5932,2024-09-15
787,111,2235,2022-01-11
788,26,4739,2022-08-16
789,131,8999,2023-07-26
790,149,9924,2022-08-15
791,115,6629,2023-02-05
792,119,8699,2022-06-04
793,89,902,2023-05-10
794,27,5340,2023-03-02
795,22,2401,2024-05-01
796,187,2821,2022-12-23
797,80,6120,2023-04-12
798,53,9037,2023-05-10
799,90,8301,2022-04-10
800,113,7912,2022-11-23
801,18,5419,2022-02-15
802,182,2385,2022-01-24
803,88,2291,2023-11-25
804,43,4496,2023-06-13
805,45,9542,2022-06-13
806,85,9672,2023-03-13
807,119,4298,2024-03-27
808,104,3522,2022-07-10
809,164,7580,2023-02-10
810,8,3732,2023-04-06
811,152,7537,2023-02-03
812,2,4019,2022-07-30
813,72,1525,2023-08-15
814,27,9296,2022-07-11
815,94,5840,2022-07-21
816,118,2367,2022-09-26
817,172,8519,2023-06-25
818,164,5634,2023-09-04
819,100,6931,2023-08-25
820,30,6200,2022-12-27
821,118,3326,2024-04-13
822,173,5373,2024-07-29
823,158,1888,2023-11-20
824,35,5631,2022-05-01
825,62,5503,2022-04-30
826,47,6616,2023-12-12
827,37,8869,2023-02-02
828,108,2758,2023-08-12
829,99,7431,2022-07-10
830,125,9304,2023-12-12
831,166,3338,2023-07-23
832,43,8522,2022-10-23
833,36,3565,2022-11-19
834,116,1378,2024-06-05
835,92,657,2023-05-12
836,35,3696,2024-04-14
837,99,9700,2023-06-02
838,168,8609,2023-02-23
839,176,8556,2023-03-02
840,182,7772,2023-05-16
841,43,1854,2023-08-02
842,8,4113,2022-10-27
843,9,5003,2022-08-19
844,138,5229,2022-06-22
845,200,7992,2023-08-03
846,191,8615,2023-07-17
847,131,2354,2023-08-10
848,30,4889,2024-03-04
849,140,6510,2023-07-10
850,194,1181,2024-02-18
851,185,7731,2023-07-14
852,56,7465,2022-04-15
853,189,4555,2022-11-01
854,9,7868,2022-09-27
855,90,1925,2023-03-26
856,31,4382,2022-08-03
857,189,6244,2024-05-31
858,182,7515,2022-06-19
859,158,2781,2024-03-14
860,53,3890,2024-04-04
861,16,9840,2022-12-26
862,137,5105,2023-09-04
863,138,3258,2022-11-28
864,181,5294,2022-10-24
865,147,4880,2024-09-02
866,132,2060,2022-05-19
867,193,7243,2024-07-29
868,16,5043,2024-06-06
869,168,2578,2023-12-20
870,34,4590,2022-05-30
871,183,5777,2024-04-28
872,64,6934,2023-05-17
873,37,9960,2023-10-10
874,69,7286,2023-01-20
875,116,1737,2023-10-11
876,197,2025,2023-02-17
877,132,5058,2023-12-13
878,95,7949,2024-08-31
879,125,5862,2023-08-19
880,1,2026,2024-01-19
881,118,6369,2024-05-20
882,17,9256,2023-02-12
883,56,7539,2024-04-24
884,55,8605,2022-10-02
885,83,5146,2022-12-12
886,141,9968,2022-05-14
887,145,8451,2024-03-18
888,88,1293,2022-02-17
889,26,8029,2022-01-17
890,32,3088,2023-03-28
891,117,511,2024-09-08
892,110,3814,2023-12-07
893,34,5445,2022-06-12
894,71,2029,2023-11-02
895,93,4602,2022-03-26
896,96,3211,2022-02-23
897,102,5505,2024-01-14
898,180,4336,2023-03-16
899,168,1994,2023-12-22
900,25,517,2022-08-07
901,123,1776,2022-05-16
902,152,4205,2023-06-16
903,175,7791,2022-01-10
904,3,6129,2024-04-16
905,31,7419,2023-12-12
906,34,8326,2022-03-14
907,59,6776,2022-04-02
908,188,2178,2022-04-16
909,81,6522,2024-06-21
910,77,2746,2023-01-27
911,199,2681,2023-10-19
912,174,2840,2022-03-12
913,136,9728,2022-01-09
914,157,3188,2023-03-27
915,90,3990,2023-10-06
916,192,2980,2024-07-30
917,106,7748,2024-05-30
918,56,1920,2024-07-07
919,26,2793,2024-02-10
920,32,6791,2022-12-26
921,110,5652,2024-03-21
922,36,4559,2022-10-11
923,166,1880,2022-09-12
924,142,5168,2024-03-08
925,177,939,2024-05-18
926,169,5442,2022-07-30
927,133,8848,2022-07-13
928,192,6918,2022-10-30
929,166,1394,2024-03-13
930,62,8608,2023-01-31
931,29,4449,2023-05-27
932,164,1663,2023-06-25
933,4,6416,2024-08-14
934,82,2662,2023-02-01
935,146,7395,2023-01-10
936,140,3330,2024-02-21
937,121,1695,2022-01-18
938,151,1606,2022-01-15
939,68,4034,2022-02-10
940,16,7020,2023-06-03
941,74,8709,2024-02-25
942,107,7439,2023-12-20
943,103,1850,2023-10-18
944,138,9308,2023-09-23
945,40,5046,2022-03-27
946,80,1794,2023-06-08
947,53,3045,2023-07-04
948,84,6901,2023-08-24
949,163,1583,2022-11-14
950,179,7667,2024-01-18
951,62,1448,2022-09-08
952,23,7618,2022-04-29
953,117,1401,2022-11-13
954,171,3377,2022-05-03
955,4,2748,2023-12-20
956,3,3184,2023-05-24
957,89,9068,2023-06-14
958,185,4747,2022-06-20
959,96,2579,2024-02-07
960,200,4903,2024-01-21
961,31,980,2022-12-10
962,110,4956,2023-06-21
963,17,4808,2023-12-31
964,148,1762,2023-05-24
965,117,8868,2023-01-04
966,15,8685,2024-05-29
967,146,3234,2023-01-12
968,41,4679,2024-03-02
969,27,9902,2023-11-22
970,186,2389,2022-08-22
971,190,8836,2022-01-03
972,12,701,2022-09-08
973,12,8229,2023-01-08
974,99,2958,2022-07-03
975,10,9558,2024-04-02
976,183,7370,2022-08-18
977,83,4567,2023-03-03
978,185,5741,2022-10-05
979,20,9864,2023-01-17
980,31,8725,2023-11-21
981,14,3438,2022-08-17
982,133,1252,2024-09-03
983,103,1629,2024-06-17
984,120,5125,2024-03-03
985,80,5862,2022-03-30
986,142,7983,2022-01-09
987,95,3787,2022-10-26
988,145,5479,2024-01-28
989,160,4474,2023-04-21
990,95,8583,2024-03-02
991,199,3701,2024-01-21
992,140,4516,2022-06-04
993,2,7218,2022-01-25
994,60,9372,2022-12-21
995,163,657,2024-08-31
996,86,523,2024-02-17
997,169,6664,2024-05-19
998,189,5538,2022-04-17
999,53,9180,2022-09-01
1000,108,8561,2024-09-11
